{
  "name": "办公自动化配置",
  "created_at": "2025-06-25T10:35:00",
  "version": "1.0",
  "description": "办公软件中的常用操作自动化",
  "repeat_count": 1,
  "repeat_interval": 1.0,
  "sequences": [
    {
      "name": "新建文档",
      "keys": [
        {"type": "combination", "keys": ["ctrl", "n"]},
        {"type": "text", "text": "新建文档标题"},
        {"type": "single", "key": "enter"},
        {"type": "single", "key": "enter"}
      ],
      "count": 1,
      "interval": 0.5,
      "random_interval": false,
      "random_order": false
    },
    {
      "name": "格式化文本",
      "keys": [
        {"type": "combination", "keys": ["ctrl", "a"]},
        {"type": "combination", "keys": ["ctrl", "b"]},
        {"type": "combination", "keys": ["ctrl", "i"]},
        {"type": "combination", "keys": ["ctrl", "u"]}
      ],
      "count": 1,
      "interval": 0.3,
      "random_interval": false,
      "random_order": false
    },
    {
      "name": "保存并关闭",
      "keys": [
        {"type": "combination", "keys": ["ctrl", "s"]},
        {"type": "combination", "keys": ["alt", "f4"]}
      ],
      "count": 1,
      "interval": 1.0,
      "random_interval": false,
      "random_order": false
    }
  ]
}
