{
  "name": "游戏辅助配置",
  "created_at": "2025-06-25T10:30:00",
  "version": "1.0",
  "description": "游戏中的常用操作自动化",
  "repeat_count": 10,
  "repeat_interval": 5.0,
  "sequences": [
    {
      "name": "WASD移动循环",
      "keys": [
        {"type": "single", "key": "w"},
        {"type": "single", "key": "a"},
        {"type": "single", "key": "s"},
        {"type": "single", "key": "d"}
      ],
      "count": 4,
      "interval": 0.5,
      "random_interval": true,
      "random_order": false
    },
    {
      "name": "技能释放",
      "keys": [
        {"type": "single", "key": "q"},
        {"type": "single", "key": "w"},
        {"type": "single", "key": "e"},
        {"type": "single", "key": "r"}
      ],
      "count": 1,
      "interval": 1.0,
      "random_interval": false,
      "random_order": true
    },
    {
      "name": "跳跃攻击",
      "keys": [
        {"type": "single", "key": "space"},
        {"type": "single", "key": "j"}
      ],
      "count": 3,
      "interval": 0.3,
      "random_interval": true,
      "random_order": false
    }
  ]
}
